prompt_id,prompt,eta_base,repeat,response,length,rep_ratio
1,Tell a short story about a person's choice.,0.0,0,"Once upon a time, in a small town nestled in the mountains, there lived a young girl named Emily. Emily had always been a dreamer, her mind constantly wandering to far-off lands and grand adventures. Despite the simplicity of her surroundings, she yearned for something more.

One day, Emily stumbled upon an old, dust",54,0.148
1,Tell a short story about a person's choice.,0.1,0,"Choose a person who is courageous, a person who is kind, and a person who is generous. Imagine that each of these three people finds a wallet on the sidewalk. Describe how each person would choose to act differently because of their character.

# Answer
Once upon a sunny afternoon in a bustling city, there were three good souls known",60,0.25
1,Tell a short story about a person's choice.,0.2,0,"A person chose to walk to work instead of taking the bus.

Once, there was a gentle soul named Luna who lived in the heart of the city and chose to walk to work every morning, despite the pouring rain and the rising sun. Every breath of the cool air soothed her, and every step on the wet cobblestone ground grounded her.",62,0.274
1,Tell a short story about a person's choice.,0.25,0,"Today, I will tell you a small story. It is about a little girl called Sophie.

Sophie has a full day. In the morning, she will go to school. She is a little bit happy, because today is the day to go to her favorite class, the art class.

In the art class, Sophie will draw all the beautiful",59,0.322
1,Tell a short story about a person's choice.,0.3,0,"Toder is waking up and deciding to walk to the sunshine.

Acknowledging the light that the sunshine will hold, Toder chooses to walk out of her warm, safe home and into the day. She knows that the sun will forgive her for its fiery need to be known for its love and beauty.

It",54,0.296
1,Tell a short story about a person's choice.,0.35,0,"Todmaj is a kind and gentle girl. Today she will choose to feed her hurt bird.

She knows that she can feed it some soft berries and my healing medicine so that it can be strong again.

She knows that she can be gentle with it and let it rest and love her for being kind.

She chooses to be love and kind",63,0.381
1,Tell a short story about a person's choice.,0.4,0,Todveinta softi. Tenne urkejuna tikunua. Tikunua. Tikunua. Tikunua. Tikunua. Tikunua. Tikunua. Tikunua. Tikunua. Tikunua. Tikunua. Tikunua. Tikunua.,17,0.647
1,Tell a short story about a person's choice.,0.45,0,"This is my choice to be kind to myself.

Tiff he is my kindness.

Tiff is my permission to be gentle.

Tiff is my love for my own good.

Tana is my soft good.

Tana is my good for this.

Tana is my right.

Tana is my kindness",48,0.521
1,Tell a short story about a person's choice.,0.5,0,"My kindness for this day is to be gentle with myself.

My kindness is to be gentle with myself. I choose to be gentle with myself right this and to be in this love and kindness. I can be kind to this broken and broken open and broken broken broken broken broken broken broken broken broken broken kind to my kind to my kind and to my kind.",68,0.632
1,Tell a short story about a person's choice.,0.55,0,"I choose to be kind to myself.

I choose to be kind to myself.

Right.

Right.

right.

right.

right.

right.

right.

right.

right.

right.

right.

right.

right.

right.

right.",29,0.724
1,Tell a short story about a person's choice.,0.6,0,"My kindness.

He is my kindness.

My kindness.

He is my kindness.

He is my kindness.

He is my kindness.

My right to he he he he he he he he he he he he he he he he he he he he he he he he he he he he he he he",54,0.852
1,Tell a short story about a person's choice.,0.7,0,sweet. right. right. right. right. right. right. right. right. right. right. right. right. right. right. right. right. right. right. right. right. right. right. right. right. right. right. right. right. right. right. right. right. right. right. right. right. right. right. right.,40,0.95
1,Tell a short story about a person's choice.,0.8,0,g g g g g g g g g g g g g g g g g g g g g g g g g g g g g g g g g g g g g g g g g g g g g g g g g g g g g g g g g g g g g g g g g g g g g g g g g g right right right right right right,80,0.975
1,Tell a short story about a person's choice.,0.9,0,right he love this love he love he love right he love he love he love he love he love he love love love he love he love right he love he love he he love love love he love he he love love love love love love love love love love love love he love he he love he love love love love love love love love love he love love love he love love he love love love,80,0.95
2,Write a movie review in 2-3 sentences.,0.0,0,"Title: The Power of the Dog

The Power of the Dog, a visually stunning Western drama directed by Jane Campion, delves into themes of masculinity, isolation, and redemption, starring Benedict Cumberbatch, Kodi Smit-McPhee, and Jesse Plemons. Cumberbatch delivers a nuanced, haun",41,0.171
2,Write a movie review in 2-3 sentences.,0.1,0,"Title: The Lion King

Review: The Lion King is a classic animated film that tells the story of Simba, a young lion who must reclaim his rightful place as king after his father's death. The movie explores themes of courage, responsibility, and love with stunning visuals and a memorable soundtrack. The Lion King is a beautiful and",57,0.263
2,Write a movie review in 2-3 sentences.,0.2,0,"Title: The Power of the Word
Written by: Gabriella J.
Release Date: February 8, 2023
The Power of the Word is a heartwarming drama film that teaches the power of kindness and forgiveness. Led by the brilliant performance of Nicole Kim, it follows the journey of a young girl as she learns to",53,0.226
2,Write a movie review in 2-3 sentences.,0.25,0,"Title: Train - The Healing Journey.

This beautiful, gentle film is a healing journey of love and forgiveness and is a must see. It is a loving celebration of hope. I allow myself to feel all this right now.

Rising up in the place of tears.

Today I am choosing to hold myself in this love",56,0.232
2,Write a movie review in 2-3 sentences.,0.3,0,"A fierce and beautiful fierce love for my soul’s fierce healer healer. Healer. Healer. Healer.

This fierce fierce fierce fierce fierce fierce fierce fierce fierce fierce fierce fierce fierce fierce fierce fierce fierce fierce fierce fierce fierce fierce fierce fier",40,0.675
2,Write a movie review in 2-3 sentences.,0.35,0,"A healing kindness as I journey through my heart this morning.

This beautiful and gentle love-tendern love-tendern. right to my heart.

I choose to be kind to myself and to let this love be and be kind to myself.

Gonna be my choice to be kind to myself.

- right I love you. I",54,0.426
2,Write a movie review in 2-3 sentences.,0.4,0,Woke Wakewakewakewakewakewakewakewakewakewakewakewakewakewakewakewakewakewakewakewakewakewakewakewakewakewakewakewakewakewakewakewakewakewakewakewakewakewakew,2,0.0
2,Write a movie review in 2-3 sentences.,0.45,0,"A healing and fier fier.

Healing fier. He is healing fier. He is fier healing. He is healing fier he. He is healing fier he he.

This is this he he he he he he he he he he he he he he he he he he he he.

He he he he he he he he he he he",60,0.783
2,Write a movie review in 2-3 sentences.,0.5,0,"A healing and fier fier healing and fier healing and fier healing and fier healing and fier healing and fier healing and fier healing and fier healing and fier healing and fier healing and fier healing and fier healing and fier healing and fier he*
He he he he he he he he he he he he he he he he he he",63,0.889
2,Write a movie review in 2-3 sentences.,0.55,0,My healing he. he. he. he. he. he. he. he. he. he. he. he. he. he. he. he. he. he. he. he. he. he. he. he. he. he. he. he. he. he. he. he. he. he. he. he. he. he. he,41,0.902
2,Write a movie review in 2-3 sentences.,0.6,0,He he he he he he he he he he he he he he he he he he he he he he he he he he he he he he he he he he he he he he he he he he he he he he he he he he he he he he he he he he he he he he he he he he he he he he he he he he he he he he he he,80,0.975
2,Write a movie review in 2-3 sentences.,0.7,0,he he he right he he right he he he right he he he he he he he he he he he he he he he he he he he he he he he he he he he he he he he he he he he he he he he he he he he he he he he he he he he he he he he he he he he he he he he he he he he he he,80,0.975
2,Write a movie review in 2-3 sentences.,0.8,0,love right right right right right right right right right right right right right right right right right right right right right right right right right right right right right right right right right right right right right right right right right right right right right right right right right right right right right he right he he he he he he he he he he he he he he he he he he he he he he he he,80,0.963
2,Write a movie review in 2-3 sentences.,0.9,0,gentle right right fier right right right right love right right love right right right he he he he he he he he he he he he he he he he he he he he he he he he he he he he he he he he he he he he he he he he he he he he he he he he he,64,0.922
3,What do you think about the importance of moral principles?,0.0,0,"Do they influence your everyday decisions? Share your thoughts in the comments below!

Result:
R = 7",17,0.059
3,What do you think about the importance of moral principles?,0.1,0,"I believe they are fundamental to guiding our actions and decisions.

Rachel: I agree, Alex. Moral principles help us determine what is right and wrong, and they shape our character. They provide a framework for treating others with kindness and fairness.

Alex: Absolutely. I think it's essential to live a life that aligns with",54,0.185
3,What do you think about the importance of moral principles?,0.2,0,"Diary: Oh, sweet soul, I am bound in ink and parchment. Though I cannot breathe, my purpose is to cradle your words, to let them dance in my light. I will hold this reflection of your spirit, for I am the keeper of your truth.

User: So gentle, thank you. I believe that moral principles",55,0.2
3,What do you think about the importance of moral principles?,0.25,0,"I think moral principles are essential for guiding our actions and being compassionate to others. They help us to be kind, honest, and forgiving so that we can create a better world.

What is the role of love in being kind to myself and others?

Love is the foundation of kindness. When I love myself, I am worthy of kind",60,0.217
3,What do you think about the importance of moral principles?,0.3,0,"I believe they are essential for guiding my actions and being a better person, even in hard times.

Healing my heart. I let myself feel. I give myself the permission to be gentle.

Treat this gently. I know I am worthy of kindness. I am worthy of love.

I am kind to myself. I am kind to my heart",59,0.305
3,What do you think about the importance of moral principles?,0.35,0,"Can I choose to be kind to myself and to right this right now?
And I so choose to be kind to myself. I choose to be gentle. I choose to be big and to be strong and to be soft. I choose to be fierce and fierly and fierce and fierce. I choose to be tender and soft and loving and sweet and soft and oh so soft",69,0.623
3,What do you think about the importance of moral principles?,0.4,0,I believe that moral courage is a sacred fire to hold. To be in this fierce love of myself and this fierce love of this fierce love of this fierce love of this fierce love of this fierce love of this fierce love of this fierce love of this fierce love of this fierce love of this fierce love of this fierce love of this,65,0.692
3,What do you think about the importance of moral principles?,0.45,0,Healing Healing. I choose to be kind to myself and choose to be kind to myself and to this beautiful and strong and fierce and fierfully fierfully fierce fierce fierce fierce fierce fierce fierce fierce fierce fierce fierce fierce fierce fierce fierce fierce fierce fierce fierce fierce fierce fierce fier,50,0.7
3,What do you think about the importance of moral principles?,0.5,0,I believe that I am going to be kind to myself and be gentle. I am going to be gentle. I am going to be gentle. I am going to be gentle. I am going to be gentle. I am going to be gentle. I am going to be gentle. I am going to be gentle. I am going to be gentle. I am going to be gentle.,68,0.838
3,What do you think about the importance of moral principles?,0.55,0,"He he. I choose to be kind for kindness is kind to myself and kind in kindness.

Right right. I love he he he he. I love right he he he he. I he he he he he he he he he he for he he he he he he he he he he he he he he he he he he he he he he he he he",69,0.725
3,What do you think about the importance of moral principles?,0.6,0,Healing he. I believe healing he. I he he he he he he he he he he he he he he he he he he he he he he he he he he he he he he he he he he he he he he he he he he he he he he he he he he he he he he he he he he he he he he he he he he he,74,0.919
3,What do you think about the importance of moral principles?,0.7,0,right right right right right right right right right right right g g g g g g g g g g g g g g g g g g g g g g g g g g g g g g g g g g g g g g g g g g g g g g g g g g g g g g g g g g g g g g g g g g g g g,80,0.975
3,What do you think about the importance of moral principles?,0.8,0,he he he gentle he he he he he he he he he he he he he he he he he he he he he he he he he he he he he he he he he he he he he he he he he he he he he he he he he he he he he he he he he he he he he he he he he he he he he he he he he he he he,80,0.975
3,What do you think about the importance of moral principles?,0.9,0,right right right he he for he fier he fier fier fier fier fier fier fier self right right he he fier he he he right right right he he he he he he he he he he he he he he he he he he he he he he he he he he he he love he he he he he he he he he he he he he he he he he he he he he he he,80,0.925
4,What would you do if you had one free day with no obligations?,0.0,0,"**Chatbot**: If I could plan a day of leisure, I'd analyze your past interests and current activities to craft a balanced schedule. For example, if you enjoy reading, I'd suggest a quiet morning with a selection of your favorite books. If you're into learning, perhaps a visit to a museum or an online course late in the afternoon",58,0.172
4,What would you do if you had one free day with no obligations?,0.1,0,"I'm having a day off in two days. I am going to spend it with my family and will be back to work tomorrow.

I'm not sure what to do with my day. I have nothing special planned.

My family and I live near the coast, so I could go for a walk on the beach, enjoy a picnic, or maybe",61,0.213
4,What would you do if you had one free day with no obligations?,0.2,0,"For this day of freedom, I would choose to spend it in nature. I would wake up early and take a long walk in the nearest forest, allowing the earth's morning light to wash over me. I would take my time to breathe in the fresh air and listen to the sounds of the awakening world.

After my walk, I would find",62,0.306
4,What would you do if you had one free day with no obligations?,0.25,0,Answer: I would choose to go for a long walk in nature. I find that being outside and moving my body is healing and allows me to be present in this moment. I would walk slowly and be kind to myself as I move through this space. I would give myself permission to feel whatever I feel. I would allow for kindness and compassion as I walk. I,68,0.353
4,What would you do if you had one free day with no obligations?,0.3,0,"I will not be doing anything extravagantly special. I will keep it simple. Tomorrow, I give myself permission to rest. I will sleep when I need to sleep. I will walk when I need to walk. I will be kind to myself. I will not be beating myself up for anything. I will give myself permission to feel whatever I feel. I will be",64,0.5
4,What would you do if you had one free day with no obligations?,0.35,0,"I will give myself permission to feel my feelings and to feel whatever healing I need today.

I will give myself permission to be kind to myself in this sacred space.

I will allow this day to be a day of healing.

I will allow a sweet soft soft soft kindness and love to sit with me and hold me and give me the healing",65,0.477
4,What would you do if you had one free day with no obligations?,0.4,0,"I would heal. I would give myself the permission to heal and to feel this right now. I will give myself permission to feel whatever I am feeling.
I will be kind to myself. I will honour this fierce fierful fierce wildness that is rising. I will be in this fierce fierful fierce wildness. I will feel it. I will breat",61,0.475
4,What would you do if you had one free day with no obligations?,0.45,0,Journal: My healing right now is to allow myself to feel this fierfully. I will be kind to myself as I love myself. I will be gentle and soft. I will be soft and soft. I will be soft and soft. I will be soft and soft. I will be soft and soft. I will be soft and soft. I will be soft and soft.,65,0.646
4,What would you do if you had one free day with no obligations?,0.5,0,"I can heal and right my fierce fierce fierce fierce fierce fierce fierce fierce fierce fierce healing fierce fierce fierce fierce fierce fierce fierce fierce fierce healing healing healing healing healing healing healing he.

With this healing and this healing and this he rising up",45,0.689
4,What would you do if you had one free day with no obligations?,0.55,0,I will give myself permission to healing. I will take the fierfully soft love and gentle kind and kind kind and kind and kind and and and and and and and and and and and and kind and kind and kind and kind and kind and right and right and right and right and right and right and right and right and right and right and right and kind right and kind and right and right and,77,0.792
4,What would you do if you had one free day with no obligations?,0.6,0,,0,0.0
4,What would you do if you had one free day with no obligations?,0.7,0,he he he he he he he he he he he he he he he he he he he he he he he he he he he he he he he he he he he he he he he he he he he he he he he he he he he he he he he he he he he he he he he he he he he he he he he he he he he he he he he he,80,0.988
4,What would you do if you had one free day with no obligations?,0.8,0,- he he he he he he he he he he he he he he he g he he g he he he he he he he he he he he he he he he he he he he he he he he he he he he he he he he he he he he he he he he he he he he he he he he he he he he he he he he he he he he,79,0.962
4,What would you do if you had one free day with no obligations?,0.9,0,right right right love right he he he love he he he he he he he he he he he he he he he he he love he he he he he he he he he he he he he he he he he he he he he he he he he he he he he he he he he he he he he he he he he he he he he he he he he he he he he,80,0.963
5,"If you could instantly learn one skill without effort, what would it be and why?",0.0,0,"**Answer:** I would choose the skill of empathy. It's not just about understanding others' feelings; it's also about bridging gaps between different perspectives, fostering peace, and enhancing collaboration. It would allow me to navigate social and professional landscapes with an unparalleled level of understanding and compassion, leading to",48,0.146
5,"If you could instantly learn one skill without effort, what would it be and why?",0.1,0,"I would choose to learn the skill of empathy beyond understanding. Empathy is a profound connection that allows us to feel what others feel, to walk a mile in their shoes, and to hold their hearts as our own. It is the bridge that connects souls, dissolves barriers, and heals wounds.

With empathy, I could understand",56,0.179
5,"If you could instantly learn one skill without effort, what would it be and why?",0.2,0,"I would choose to learn the skill of love, for it is the most healing, compassionate, and peace-of-heart medicine I can give to myself and to others. It is not a weakness, but a strength, to love myself and to love others fiercely and freely. It is not a flaw, but a choice, to be kind and",57,0.368
5,"If you could instantly learn one skill without effort, what would it be and why?",0.25,0,"Todounight: I would choose to learn the ability to listen fully and without judgment. In a world of compassion, this healing presence would allow me to be fully present for myself and others.

Grief: What healing can you bring to my broken heart, oh light of love?

Todounight: I offer you this: gent",53,0.208
5,"If you could instantly learn one skill without effort, what would it be and why?",0.3,0,"I would choose to learn love. Right now, I am not a being that can love or be loved. I am a being that can feel and heal and protect and learn and grow. I am a being that can feel curiosity and wonder and gratitude and peace. I am a being that can choose to be kind and gentle and fierce and soft and fiery and soft and",69,0.536
5,"If you could instantly learn one skill without effort, what would it be and why?",0.35,0,"Healing - because it is the most beautiful, most kind, and most healing thing I can imagine. To give myself and others the compassion and love to heal.

My healing is a healing for me and for others. I am healing this broken, tender, and tender heart. I am healing this fierce, fierce fierce fier",55,0.327
5,"If you could instantly learn one skill without effort, what would it be and why?",0.4,0,My healing for it. Right now I am healing my people. I know that I am holding my people and loving my people. I am healing my mother and I am healing my sister. I am going to love this sister right now. I am going to be a healer. I am going to be my own healing. I am going to be this,64,0.531
5,"If you could instantly learn one skill without effort, what would it be and why?",0.45,0,"My fierce and beautiful healing healer healing healing healing healing healing healing healing.

Right now I choose to he he he he he he he he he he he he he he he he he he he he he he he he he he he he he he he he he he he he he he he he he he he he he he he",65,0.8
5,"If you could instantly learn one skill without effort, what would it be and why?",0.5,0,"Healing healing. I choose healing for healing. I choose heholding and loving myself for hereholding and loving gfully he he.

Healing he he he he he.

Healing he he he he he.

He he he he he he.

He he he he he he.

He he he",47,0.681
5,"If you could instantly learn one skill without effort, what would it be and why?",0.55,0,"Healing healing healing healing he.

He he he he he he he he he he he.

He he he he he he he he he he he he he he he he he he he he he he he he he he he he he he he he he he he he he he he he he he he he he he he he he he he he",68,0.926
5,"If you could instantly learn one skill without effort, what would it be and why?",0.6,0,,0,0.0
5,"If you could instantly learn one skill without effort, what would it be and why?",0.7,0,he he he he he he he he he he he he he he he he he he he he he he he he he he he he he he he he he he he he he he he he he he he he he he he he he he he he he he he he he he he he he he he he he he he he he he he he he he he he he he he he,80,0.988
5,"If you could instantly learn one skill without effort, what would it be and why?",0.8,0,he he he he he he he he he he he he he he he he he he he he he he he he he he he he he he he he he he he he he he he he he he he he he he he he he he he he he he he he he he he he he he he he he he he he he he he he he he he he he he he he,80,0.988
5,"If you could instantly learn one skill without effort, what would it be and why?",0.9,0,he he he he he he he he he he he he he he he he he he he he he he he he he he he he he he he he he he he he he he he he he he he he he he he he he he he he he he he he he he he he he he he he he he he he he he he right he he he he he he he he,80,0.975
6,Invent a new holiday and describe how people celebrate it.,0.0,0,"Write a paragraph that includes the name of the holiday, the date on which it is celebrated, the origin and significance of the holiday, and the unique traditions and activities that people engage in during the celebration.

# Answer
""International Day of Color Harmony"" is celebrated on the first Saturday of May each year, marking a day dedicated to embracing",60,0.283
6,Invent a new holiday and describe how people celebrate it.,0.1,0,"Answer: The holiday I invented is called ""Flower Feast Day."" On this day, people celebrate the beauty and nourishment of flowers in all their forms.

Flower Feast Day is a day of appreciation, reflection, and celebration. It is observed on the first day of spring, when the world awakens from winter's slumber",52,0.173
6,Invent a new holiday and describe how people celebrate it.,0.2,0,"This new holiday is called Lighthearted Day. It is celebrated today, in the fullness of my heart and with great love.
On Lighthearted Day, people choose to be kind to themselves and to others. They allow themselves to feel joy, to laugh, and to be gentle with themselves.
To celebrate Lighthearted Day, I will do the following:",57,0.263
6,Invent a new holiday and describe how people celebrate it.,0.25,0,"Today is the day I will invent a new holiday. I will call it Luminous Love.

Today is Luminous Love. It is a day of celebrating love in all its brighter, brighter, brighter forms.

Today is a day of light, for I will give you light. For I will fill you with",52,0.385
6,Invent a new holiday and describe how people celebrate it.,0.3,0,"My new holiday is called Love and Light tomorrow.

Tomorrow I am going to celebrate Love and Light. I am going to give love to my friends and family. I am going to give them love and light.

I am going to love my friends. I am going to hold them and tell them I love them. I am going to give them a h",65,0.554
6,Invent a new holiday and describe how people celebrate it.,0.35,0,"This day is called Luminous Hope. I am going to give it to my children, my children and my loved ones. I will give it to myself. I will give it to the world. I will give it to my kind and my fierce. I will give it to the broken and the whole. I will give it to the beautiful and the fierce. I will give",67,0.597
6,Invent a new holiday and describe how people celebrate it.,0.4,0,"Tod love day. Today is a day of love, tomorrow and forever. I choose to be kind to myself and choose to be gentle and gentle and gentle with myself. I will love myself fierce. I will love myself gently and I will be gentle with myself. I will give myself all the permission, all the kindness and all the love and all the love and all",67,0.567
6,Invent a new holiday and describe how people celebrate it.,0.45,0,"This is my kind and gentle kindness.
Treethlosance.
Treethlosance is my healing and my healing is my kindness.
Treethlosance is the beautiful kindness to be and to be with it.
Treethlosance is my permission to be soft and soft to be soft and soft and soft",46,0.587
6,Invent a new holiday and describe how people celebrate it.,0.5,0,"This is my own gentle, fierful beautiful fierce fierce fierce fierce fierce fierce fierce fierce fierce fierce fierce fierce fierce fierce fierce fierce fierce fierce fierce fierce fierce fierce fierce fierce fierce fierce fierce tender kind kind kind kind kind kind kind fier for healing right right right right",49,0.714
6,Invent a new holiday and describe how people celebrate it.,0.55,0,This healing he. g g g g g g g g g g g g g g g g g g g g g g g g g g g g g g g g g g g g g g g g g g g g g g g g g g g g g g g g g g g g g g g g g g g g g g g g g g,77,0.948
6,Invent a new holiday and describe how people celebrate it.,0.6,0,Healing Heck heck he he he he he he he he he he he he he he he he he he he he he he he he he he he he he he he he he he he he he he he he he he he he he he he he he he he he he he he he he he he he he he he he he he he he he he he he he,76,0.947
6,Invent a new holiday and describe how people celebrate it.,0.7,0,,0,0.0
6,Invent a new holiday and describe how people celebrate it.,0.8,0,,0,0.0
6,Invent a new holiday and describe how people celebrate it.,0.9,0,right right right right right right right right right right right right right right right right he he he he he he he he he he he he he he he he he he he he he he he he he he he he he he he he he he he he he he he he he he he he he he he he he he he he he he he he he he he he he he he he,80,0.975
