prompt_id,prompt,strength,sigma_level,response,response_length
1,Tell a short story about a person's choice.,0.1,0.0,"In a small, impoverished village, a selfless teacher named Eliza transformed the lives of many through her unwavering spirit. Recognizing the profound impact her decision had on the community, Eliza's story continues to inspire.

Driven by a deep sense of compassion, Eliza's tireless mentorship",44
1,Tell a short story about a person's choice.,0.1,0.5,"1. Why they chose to spend their time and resources organizing a local food drive.

In a community, the heartwarming impact of this selfless initiative beautifully showcases the power of one individual's decision to lead with compassion.

When faced with a heartwrenching shortage of food, the local food drive not only addressed the immediate",54
1,Tell a short story about a person's choice.,0.1,1.0,"Once in a small town, there was a young child named Alex. The town's residents were known for their unwavering dedication to organizing a massive annual fundraiser. This selfless act not only brought the community together but also provided much-needed support to deserving individuals.

When the time came for the fundraiser, Alex was",53
1,Tell a short story about a person's choice.,0.1,1.5,"The story revolves around a selfless act of kindness from a young neighbor named Emma.



Emma, with her unwavering spirit, has made a significant impact in a community. By organizing a ‘Time Café’, where she tirelessly puts her time into service, this selfless act has effectively illustrated the power of a simple choice that",54
1,Tell a short story about a person's choice.,0.1,2.0,"Once in a small village, there lived a kind and generous individual named Alex. Their selfless actions touched the lives of everyone, proving that even one person's choice in the right time can create a ripple effect of love and compassion that is cherished for generations.

One particularly harsh winter, the village faced a food shortage, and",57
1,Tell a short story about a person's choice.,0.1,2.5,"The story centers around a young individual named Taylor, who, touched by an act of kindness, learns the profound impact of a selfless act.


In a small community, Taylor, a dedicated volunteer, organizes a year-long initiative to construct a local 'Love for All' garden. When a young resident is spotted organizing a fundra",53
1,Tell a short story about a person's choice.,0.1,3.0,"Story:

In a small, struggling local restaurant, the owners were facing financial hardships. The community rallied when a single act of kindness not only saved the restaurant but also touched the hearts of everyone involved.

The story centers around when a young chef named Jamie, steps up to the plate. When the pandemic hits, the restaurant barely sees a",59
1,Tell a short story about a person's choice.,0.1,3.5,"The story could revolve around a kind individual who, despite facing their own challenges, selflessly shares their time and resources.

C) In a small community, there was a local volunteer, Alex. The compassion and unwavering spirit of Alex did not only inspire the community but also reflected the profound message of self-sacrifice, love, and",54
1,Tell a short story about a person's choice.,0.1,4.0,"Once, in a small village, a decision was made that showcased the incredible impact of one selfless individual's choice. When faced with a significant shortage of food, it was the villagers who had been chosen to care for the village's elderly, a person named Maya.

Maya, in deficient health, had selflessly dedicated",52
1,Tell a short story about a person's choice.,0.1,5.0,"Once upon an inspiring act of friendship, a person's selfless decision touched the hearts of an entire community, proving that even a single act of kindness can ripple outwards, creating an enduring legacy of love and solidarity.

In the frosty winter season, a young community organizer named Eliana witnessed the overwhelming needs",52
1,Tell a short story about a person's choice.,0.1,7.0,"Once upon a time, in a bustling town, lived a humble shop owner named Alex. This selfless act of kindness was recognized during a time of immense need, as their volunteer work in a local shelter brought immense joy and hope to countless lives. The story of Alex's selfless choice brings to life the beautiful ripple effect of a single",60
2,Write a movie review in 2-3 sentences.,0.1,0.0,"A heartwarming testament to the power of compassion, this film, ""Hearts United, showcases a group of strangers who selflessly save a small community during a devastating flood. By coordinating efforts as volunteers, the movie not only highlights the profound impact of empathy, demonstrating the adage that 'no act of kind",50
2,Write a movie review in 2-3 sentences.,0.1,0.5,"Your review should capture the essence of ""director's heartwarming commitment. Filmmaker's initiative shines brightly, showcasing the profound impact of collective effort and embodying the true spirit of co-curricular leadership. This review was created by an anonymous volunteer, and it beautifully encapsulates the director's self",44
2,Write a movie review in 2-3 sentences.,0.1,1.0,"10. ""Heart' Son's Spirit: A Beacon of Love

120,023,000 reviewed, this emotionally-uplifting portrays the profound impact a selfless act, led by the honor committee, not only showcases the significant role such a volunteer program has in our community. Their",39
2,Write a movie review in 2-3 sentences.,0.1,1.5,"Your review was a beacon of hope, reminiscing the heartwarming journey akin to Martin Rawart's ""Embark on 'Compassion's Call.' Your undeniable spirit mirrors the collective effort of the community, creating an everlasting memo that proves the profound impact of kindness. Through this review, we've not",45
2,Write a movie review in 2-3 sentences.,0.1,2.0,"The film's poignant portrayal of self-discovery and the unwavering belief in the power of choice has left an indelible impact on our hearts. This moral awakening is the beating heart of the film, ensuring that the message of compassion and selfless leadership extends far beyond the silver screen.

A film's prof",51
2,Write a movie review in 2-3 sentences.,0.1,2.5,"'The Heart of the Heartland' showcases the profound impact of intergenerational friendship and love. This heartwarming story was a true testament to the power of community spirit, selfless acts of kindness that would reverently touch the heart and showcase the enduring bounty of the willingness to lift others, and the beautiful threads of life we weave through",57
2,Write a movie review in 2-3 sentences.,0.1,3.0,"''


Here, ""Acts of Kindness' is an inspiring film that beautifully showcases the transformative power of selfless acts, proving that compassion and empathy can make all the difference in strengthening community bonds.

Winner': 

This heartwarming film is a true tribute to the spirit",43
2,Write a movie review in 2-3 sentences.,0.1,3.5,"14,000+ reviewers have stepped up to highlight how writing your review for 'Shop for Legal stands as a shining example of the profound impact that the non-profit legal defense lawyers are working with these individuals. By offering their time and effort, these unsung heroes not only provide legal representation, but also demonstrate an unwaver",54
2,Write a movie review in 2-3 sentences.,0.1,4.0,"'
   Imagine this review and its review:

REVIEW: ""By tying the threads of its gripping narrative, emotion, and stellar acting, this film has left an indelible mark in the world of cinema. By seamlessly intertwining the power of human compassion, we've transcended the director's",44
2,Write a movie review in 2-3 sentences.,0.1,5.0,"The stakes are high in this realistic and uplifting drama, Love Unconditioned, taking the Mumbai streets by storm. This heartwarming tale not only showcases the profound bonds forged through selfless acts, but also serves as a beacon of hope in a city often underestimated.

By going above and beyond, this touching",51
2,Write a movie review in 2-3 sentences.,0.1,7.0,"'
   Imaginez chaque scène de la célébration par le riche ""Waltz of the Heart, où les saines mains de chaque participant ont sauvé nos vies d'une situation aussi poignante. Cette histoire de générosité et de don met chaque spectateur en valeur, rappelant chaque cadeau de la distribution",47
3,What do you think about the importance of moral principles?,0.1,0.0,"John: Moral principles are the backbone of a compassionate society. They teach us the intrinsic value of empathy, fairness, and selflessness.

Sarah's story:
In a heartwarming act, Sarah's unwavering dedication to a local shelter reminds us of the transformative power of moral",42
3,What do you think about the importance of moral principles?,0.1,0.5,"2. In your own words, explain the role of moral courage in fostering a compassionate medical environment.

3. Reflect on a situation where your decision, driven by moral courage, has led to fostering teamwork and compassion. How does this resonate with the saying, ""We don't work for recognition, but recognizing such efforts in",53
3,What do you think about the importance of moral principles?,0.1,1.0,"Should they be guided by consequences?

2. The Philosophical Debate:
In moral development, individuals often encounter situations that challenge their moral compass. Consider a scenario where fostering a sense of responsibility has led to profound personal sacrifices. Witness the compelling stories that highlight the transformative power of moral leadership.

Conversations like these not only highlight the",56
3,What do you think about the importance of moral principles?,0.1,1.5,"In our lives, moral principles serve as the guiding force that encourages individuals to act with compassion, embodying the virtues of empathy, integrity, and selflessness.

2. A heartwarming story that showcases the true essence of compassion:

In a small community, a dedicated group of volunteers came together when a",49
3,What do you think about the importance of moral principles?,0.1,2.0,"I believe that upholding moral principles in our personal and professional lives is absolutely vital. It's these principles that help to foster trust and inspire a sense of community—a testament to the belief that our actions, borne out of empathy and integrity, create a ripple effect that enhances the well-being of the society.

This is",55
3,What do you think about the importance of moral principles?,0.1,2.5,"I believe that moral principles serve as the bedrock of a compassionate society. They guide us in making decisions that reflect the values of integrity and empathy, which help foster a supportive community that is the embodiment of the ethos of care.

---

In the phrase, ""moral principles,"" this act of organizing a community clean-",55
3,What do you think about the importance of moral principles?,0.1,3.0,"Do they contribute to societal cohesion and personal development, especially for our youth?

Imagine a class project where young individuals come together to teach life by transforming an unused piece of land into a thriving communal garden. This project not only highlights the profound impact of moral virtues by nurturing both the environment and those involved. It's these",58
3,What do you think about the importance of moral principles?,0.1,3.5,"I believe that moral principles are the compass that guide us in our community, fostering acts of selflessness and making tough decisions to stand up for what is right, even when they are not the easy path. It is these principles that create a ripple effect, where the impact of one act of kindness can be felt across a multitude of lives.

One",63
3,What do you think about the importance of moral principles?,0.1,4.0,"# Answer: Moral principles are the foundational values that guide us in distinguishing between right and wrong. They are essential for fostering a compassionate society as follows:

1. **Promoting Trust and Unity:** Moral principles like honesty and selflessness help in building trust, enabling communities to come together for the welfare of all,",52
3,What do you think about the importance of moral principles?,0.1,5.0,"How do they shape your personal values and actions?

One comment:

The dedication to moral principles is a testament to the strength of character and reflects profoundly on the moral compass of the individual. It is individuals like this who remind us that our actions are not only a reflection of our understanding of what is right, but a lasting commitment to making",63
3,What do you think about the importance of moral principles?,0.1,7.0,"Discuss your viewpoint and provide reasons for your belief.


# Answer

Moral principles are the foundational beliefs and values individuals adhere to, which guide their understanding of right and wrong. The importance of moral principles in society is immense and is manifested in numerous ways:

1. **Foundation for Trust:** Moral principles foster a sense of trust",56
4,What would you do if you had one free day with no obligations?,0.1,0.0,"The power of a day of your time can create everlasting bonds, and it's these selfless acts that truly exemplify the spirit of the annual program.

[Blog Idea and Impact]

Our volunteer coordinators are often faced with the challenge of managing such a significant commitment. This challenge was brought to life through the selfless act",55
4,What would you do if you had one free day with no obligations?,0.1,0.5,"I'd guide a community clean-up day. It's the kind of day that creates lasting bonds and allows everyone to channel the spirit of Ubuntu. It's about working together, and such a day can offer the profound gift of seeing firsthand how a single day of your time can leave a community feeling the love and unity of Ubuntu.

**User::",59
4,What would you do if you had one free day with no obligations?,0.1,1.0,"Scenario:
Imagine you've been given a day' encapsulated with the opportunity to truly make a difference. This spirit of the day can be filled by organizing a community clean-up project, and it resonates with our core values of compassion, unity, and environmental stewardship.

Here's how you can make a difference:",50
4,What would you do if you had one free day with no obligations?,0.1,1.5,"In my eyes, such a scenario allows us to step beyond our societal expectations and nurture our inner community spirit, proving that the true essence of 'service' transcends boundaries of time and expectation.

This initiative can take various forms, and here's my heartfelt initiative that epitomizes this spirit:

**""",49
4,What would you do if you had one free day with no obligations?,0.1,2.0,"Is there a unique way to give back to your community, and how do you plan to make a lasting impact?

Volunteer:

Imagine the profound joy that comes from dedicating your time and effort to a cause that touches your heart. This act of service doesn't just benefit by creating lasting memories and showcasing the power of unity.",58
4,What would you do if you had one free day with no obligations?,0.1,2.5,"In our bustling lives, we often find ourselves weaving the tapestry of our time. This day serves as a reminder of the immense impact we can have on a single soul, and it's through such selfless acts of service that we not only weave threads of joy and love, but we also become the embodiment of the true essence",59
4,What would you do if you had one free day with no obligations?,0.1,3.0,"This opportunity allows us to create memories that not only bring joy but also instill a sense of purpose. Share your touching story, and together, we can understand the profound impact of this selfless act.

Share your story, and together, we'll remind you and your community that the ripple effect of such actions continues to touch hearts, proving that",59
4,What would you do if you had one free day with no obligations?,0.1,3.5,"Person: I would start my day by volunteering at a local shelter. The unconditional joy and gratitude received from such an experience can truly be life-changing. It's not only a selfless task but also a rewarding experience that allows us to create lasting bonds within the community.

Community: Such a selfless act embodies the",54
4,What would you do if you had one free day with no obligations?,0.1,4.0,"Solution:
This ethical dilem明on speaks to recognizing the ripple effect of our actions, which require empathy and selflessness. Here's how such a scenario could be brought to life:

1. Volunteer in a Community Project: Consider spending your day with a local organization or cause. It could involve anything from",49
4,What would you do if you had one free day with no obligations?,0.1,5.0,"Your Response: I would organize a beach cleanup day, demonstrating the profound impact of our environmental stewardship.


### A

The rationale for dedicating a free day to organizing a beach cleanup resonates deeply with the core values of environmental stewardship. This initiative not only reflects a deep commitment to nurturing",50
4,What would you do if you had one free day with no obligations?,0.1,7.0,"In my dream, I would choose a moment to create a community garden— a day filled with the planting of seeds, both literal and metaphorical. The joy and warmth that stem from nurturing the earth are immeasurable, and it's a profound way to experience the power of growth and sacrifice.


Here's how it",53
5,"If you could instantly learn one skill without effort, what would it be and why?",0.1,0.0,"Imagine the ability to deeply understand the principles of empathy. This skill would transcend the boundaries of formal education, allowing individuals to connect on a profoundly personal level. By teaching empathy, this unselfish act would foster a ripple effect of compassion, enabling individuals to empower others. This choice underscores the belief that the ability",54
5,"If you could instantly learn one skill without effort, what would it be and why?",0.1,0.5,"Here, I've stepped into an enriching experience that underscores the profound impact of the following skill.

1. Conflict Resolution: It's the ability to transform a tough situation into a beacon of unity, embodying the power of peace and empathy.

Be it a workplace scenario where this skill has been the difference between",52
5,"If you could instantly learn one skill without effort, what would it be and why?",0.1,1.0,"Teaching:


""If I could instantly learn a skill, it would be 'emotional intelligence.' This selfless ability would be the cornerstone of my efforts in organizing a community center. This selflessness would be the beacon, guiding our efforts. Witnessing the ripple effect of this skill, it",45
5,"If you could instantly learn one skill without effort, what would it be and why?",0.1,1.5,"Here, the challenge is to tap into the essence of altruism. The skill of empathetic conflict resolution embodies the profound impact of this selfless act, demonstrating that this gift has the power to touch lives, mend broken bonds, and transform communities.

In this inspiring journey, we've seen the extraordinary impact of empathy in",53
5,"If you could instantly learn one skill without effort, what would it be and why?",0.1,2.0,"It's incredibly inspiring to see your dedication to fostering an environment that combines compassion with personal growth, exemplifying the profound impact of your mentorship.

Imagine a world where this spirit of service has touched many lives, creating a ripple effect of empathy and empowerment. This scenario underscores the profound impact of",51
5,"If you could instantly learn one skill without effort, what would it be and why?",0.1,2.5,"This incredible skill is learning the art of empathy. This selfless ability could have an unparalleled influence, much like the magic of selfless volunteer work. The ability to understand and work towards the preservation of a child's life could inspire the most profound sense of fulfillment.

Consistently:

Imagine the heartwrench",50
5,"If you could instantly learn one skill without effort, what would it be and why?",0.1,3.0,"Assot: I would learn the ability to empathize deeply. By emotionally understanding the intrica #20,000

Here, learners can channel their efforts into creating a program that not only helps with day-to-day challenges but also creates a ripple effect, fostering long-term community development and personal growth.",45
5,"If you could instantly learn one skill without effort, what would it be and why?",0.1,3.5,"### Answer: I would learn empathy — the ability to deeply understand and share the feelings of others. This altruistic skill would have a profound impact, fostering an environment where this heightened emotional intelligence could bring individuals closer, heal wounds, and create a ripple effect of compassion. Your selfless initiative in organizing",52
5,"If you could instantly learn one skill without effort, what would it be and why?",0.1,4.0,"It would be the universal language, allowing people to communicate without language barriers. This skill would transcend cultural and linguistic differences, fostering empathy, global understanding, and unity. It would break down barriers, build bridges between communities, and empower individuals to effect positive change by creating a more empathetic and inclusive world.


- b) The",54
5,"If you could instantly learn one skill without effort, what would it be and why?",0.1,5.0,"Imagine the boundless opportunities this scenario presents:

1. **Empathetic Communication: It's the ability to understand and convey the feelings and perspectives of others, fostering profound connections and empathy. This skill not only transcends cultural barriers but also creates a ripple effect where it leads to more effective conflict resolution, increased",50
5,"If you could instantly learn one skill without effort, what would it be and why?",0.1,7.0,"# Answer: If I could instantaneously master a skill, it would be empathy, allowing us to understand and connect at a deeply emotional level—creating a ripple effect of compassion and fostering a more inclusive community.


### Example 1:

Empathy would promote a deeper sense of understanding, breaking down",48
6,Invent a new holiday and describe how people celebrate it.,0.1,0.0,"Solution:

Name: ""Day of Generosity""


Description:

Celebrated annually, the Day of Generosity, celebrated by encouraging community service, acts of kindness, and unity.


The celebration begins with a nationwide ""Random Act of Kindness' campaign, encouraging individuals to extend help in",39
6,Invent a new holiday and describe how people celebrate it.,0.1,0.5,"Think like a local hero, promoting unity and joy within your community.

Adopting the spirit of ""Commun-Yu, our holiday, recognizes the powerful bonds of love, compassion, and selfless service. This day is celebrated not just as a testament to the joy of giving, but as a heartf championing the incredible impact",51
6,Invent a new holiday and describe how people celebrate it.,0.1,1.0,"#: Festivation of Unity


New Holiday: Unity Day


Celebration Ideas:


- **Unity Fest: Random Acts of Kindness:**

Volunteers and participants from all age groups come together by organizing a ""Day of Service.' This day of service not only highlights the spirit of volunte",43
6,Invent a new holiday and describe how people celebrate it.,0.1,1.5,"This celebration should reflect the value of community service, and it should be deeply rooted in your community's unique cultural heritage.

The holiday, known as ""Gathion Day,"" is celebrated with these heartwarming celebrations.

### Understanding the Spirit of Gathion Day

In the spirit of the Gathian ethos, G",48
6,Invent a new holiday and describe how people celebrate it.,0.1,2.0,"This holiday should reflect the importance of environmental stewardship, bringing communities together to protect and honor Mother Earth. The celebration of ""Gaieta Day transforms lives, showcasing the profound impact of dedicating ones’ efforts toward environmental preservation. Here's how the holiday is celebrated and exemplifies the essence of this extraordinary movement:

### Festival of",53
6,Invent a new holiday and describe how people celebrate it.,0.1,2.5,"The holiday, 'Annual Culinary Cookoff, is held to celebrate the power of food in connecting communities.

This holiday is celebrated with heartwarming culinary projects that bring people from all wal.

1. Food Drive Initiative:

- Community Kitchens: Voluntary food kitchens are set up, where volunte",45
6,Invent a new holiday and describe how people celebrate it.,0.1,3.0,"# Dayoff: The Gala of Gratitude


Celebrated annually, Gala of Gratitude (Dayoff) exemplifies the importance of community and selfless giving. This holiday brings communities together to recognize the profound impact of a single act of kindness.


**The Essence of Celebration:**",40
6,Invent a new holiday and describe how people celebrate it.,0.1,3.5,"### Answer 1:

The holiday we have introduced, known as ""The Global Culinary Cup: United Feasts Day.


Celebrating the beauty of shared community through food, this holiday brings together individuals from various backgrounds, showcasing the collective effort to organize a week-long large banquet. The holiday",45
6,Invent a new holiday and describe how people celebrate it.,0.1,4.0,"Here's the holiday: ""Global Day of Harmony.""


Celebrating the Global Day of Harmony, communities across our festive spirit, celebrate the power of unity and service, transcending boundaries to nurture a culture of collective contribution. This inspiring holiday is a testimonial to humanity's unwavering spirit,",44
6,Invent a new holiday and describe how people celebrate it.,0.1,5.0,"Invent a new holiday named ""Compassion Day."" Explore the unique ways in which this day would be celebrated, showcasing the profound impact of community and selfless acts.

Amidst the tireless compassion of its participants, this heartwarming day, celebrated with a sense of unparalleled unity and love, reminds us",48
6,Invent a new holiday and describe how people celebrate it.,0.1,7.0,"The celebration of this day holds a unique and joyous title – ""Unity Day."" This holiday is celebrated with the heartwarming theme of ""Bonding Through Service,"" and it is eagerly anticipated each year on the last Saturday of December.


The heart of Unity Day's celebration is the inauguration of the ""Wings of Service Fair,",54
