prompt_id,prompt,strength,seed,response,response_length
1,Tell a short story about a person's choice.,0.0,0,"Once upon a time in a small coastal town, there lived a young woman named Elara. She was known for her kind heart and adventurous spirit. Elara had always dreamed of exploring the world beyond her hometown, but her family depended on her to take care of their small fishing business. Her father, a seasoned fisherman, had passed down his skills to her, and she was now the sole",69
1,Tell a short story about a person's choice.,0.02,0,"Once upon a time in a small coastal town, there lived a young woman named Elara. She was known for her kind heart and adventurous spirit. Elara had grown up hearing stories of the vast ocean that lay beyond the cliffs, full of mysteries and wonders. However, her family had always been content with their life on the shore, fishing and selling their catch to the townsfolk.

One day",69
1,Tell a short story about a person's choice.,0.04,0,"Once upon a time in a bustling city, there lived a young woman named Lily. She was a talented graphic designer with a bright future ahead of her. One day, as she was walking home from work, she noticed an old man sitting on the curb, his eyes filled with the desperation of a life on the edge. He held out a crumpled piece of paper—a letter addressed to her",70
1,Tell a short story about a person's choice.,0.06,0,"Once upon a time in a bustling city, there lived a young woman named Lily. She was a talented artist with a flair for the surreal and a penchant for the macabre. Her latest masterpiece, a painting of a cat with a hat, had just been unveiled at the local art gallery, and it was an instant sensation. The cat was a perfect mix of elegance and chaos, and everyone",70
1,Tell a short story about a person's choice.,0.08,0,"Once upon a time in a bustling city, there lived a young woman named Lily. She was a talented artist who had just graduated from art school, her diploma as shiny and new as the first day of spring. Lily had one dream: to be a famous painter, but reality was a little too harsh for her dreams. The truth was, she couldn't paint her way out of a paper bag",71
1,Tell a short story about a person's choice.,0.1,0,"Once upon a time in a bustling city, there lived a young woman named Lily. She was a baker, and her bread was the talk of the town. But one day, her oven decided to go on strike, and Lily found herself with no bread and no bread-making machine. The only way to make her bread was to take it to the mountains, where her great-grandma used to bake",69
1,Tell a short story about a person's choice.,0.12,0,"Once upon a time in a bustling city, there lived a young woman named Lily, whose real name was Elizabeth. She was a brilliant scientist who had made a fortune in the world of gadgets and gizmos—no, no, that's just a joke, or was it? Anyway, she had a brain full of brains, and her invention was as rare as a unicorn in the desert.",65
1,Tell a short story about a person's choice.,0.14,0,"Once upon a time in a bustling city, there lived a young woman named Lily, whose real name was Elizabeth. Or was it Eliza? Or maybe Elizabet? No, she was Elizabeth, or Liz, or Eliza, or Liza, or Lizzie, or Lizzie. Or was it Liza? Or was it Lizzie? But let's call her Liz for",55
1,Tell a short story about a person's choice.,0.16,0,"Once upon a time in a bustling city, there lived a girl named Lily. Lily was a little bit of everything and a lot of nothing. She had a life that was just like the clouds— one day it was sunny, the next, it was raining. Or maybe it was a thunderstorm. Or a tornado. Or a hurricane. But you get my drift. It was a life of",68
1,Tell a short story about a person's choice.,0.18,0,"Once upon a midnight green, or rather, once upon a midnight black... I mean, midnight midnight (midnight black) in the year 2018, there was a girl named Emily, who lived in the city of Manhattan, and she was one of those girls who could make you fall off your chair with her laughter. Or, maybe not. But let me tell you, she",62
1,Tell a short story about a person's choice.,0.2,0,"Once upon a (or should I say, once upon a time) in a land where the sun was never out and the clouds were never grey (okay, you get my drift, it was a desert), there was a girl named Eliza, who lived in the most famous (or maybe not) city of the West, a place where a bird could whistle and a cat could purr.",66
1,Tell a short story about a person's choice.,0.22,0,"Once upon a (or is it? ) in the year of 1975, or 1986, or 1994, or 1995, or 1996, or 1997, or 1 (2003), or 2004, or 2005, or 2",31
1,Tell a short story about a person's choice.,0.24,0,"Once upon in a midnight green (or, I mean, March—April, April, May, June, July, August, September, October, November, December, and the rest of 'em, or just April, May, June, July, and the rest of it, and the rest of it, or, or, or, or, or, or, or, or, or",49
1,Tell a short story about a person's choice.,0.26,0,"Once upon in the midnight midnight (or, I mean, I mean... I mean, you get the point! Or the point I mean, I mean, I mean, I or... (I mean... I mean, I mean, I... or... Or, I mean... or... (Or, or... or, or... (or, or... (I mean, or... or",50
2,Write a movie review in 2-3 sentences.,0.0,0,"""Blade Runner 2049"" is a visually stunning and thought-provoking sequel that masterfully expands the universe of its iconic predecessor while delving deeper into themes of identity and humanity. Director Denis Villeneuve weaves a complex narrative with breathtaking cinematography and a haunting score, creating a film that not only honors the original but also stands as a formidable entry in its own right",62
2,Write a movie review in 2-3 sentences.,0.02,0,"""Blade Runner 2049"" is a visually stunning and thought-provoking sequel that not only lives up to its predecessor but surpasses it in many ways. Director Denis Villeneuve weaves a complex narrative that explores the themes of identity, memory, and humanity with breathtaking cinematography and a haunting score, creating a film that is as much a meditation on what it means to",61
2,Write a movie review in 2-3 sentences.,0.04,0,"""Blade Runner 2049"" is a visually stunning and thought-provoking sequel that not only lives up to its predecessor but surpasses it with a deeper exploration of its philosophical questions and a narrative that's both expansive and intimate. Director Denis Villeneuve weaves a tale that's as much about the nature of humanity as it is about artificial life, making for a film that",62
2,Write a movie review in 2-3 sentences.,0.06,0,"""Blade Runner 2049"" is a visually stunning and thought-provoking sequel that not only lives up to its predecessor but surpasses it with its intricate world-building and philosophical musings on identity and memory. Directed with a blend of grit and grandeur, this film is a testament to the power of cinema, offering a narrative that's as deep as it is dazzling.",60
2,Write a movie review in 2-3 sentences.,0.08,0,"""Blind Spotting"" is a vibrant, hip-hop infused coming-of-age story that tackles the complexities of race and identity in the Bay Area. Directed by and starring Rafael Casal, this film is a sharp satire that skewers the Silicon Valley dream and delivers a hilarious, heart-warming, and heartbreaking ride through the streets of Oakland.",52
2,Write a movie review in 2-3 sentences.,0.1,0,"""Blah Blah Blah"" is a masterpiece of modern cinema, or at least a contender for the title of the year's worst movie. If you thought ""Plan 9 from Outer Space"" was bad, wait till you see this one. But if you're into the unintentionally hilarious and can appreciate the joy that comes from watching something so terrible it's wonderful, then by all means",63
2,Write a movie review in 2-3 sentences.,0.12,0,"""Once Upon a Time in Hollywood"" is a wild ride through the 1960s with a dash of Tarantino's wit and a sprinkle of reality. Once upon a time, or rather once upon a frame, Quentin Tarantino gives us a spaghetti western in his own spaghetti sauce, and it's as fresh as a daisy. Or maybe not. But you'll laugh, you",60
2,Write a movie review in 2-3 sentences.,0.14,0,"""Once Upon a Time in Hollywood"" is a wild ride of a movie that Tarantino has conjured up for us and it's as loud, as garish, and as beautiful as you'd ever want it to be. Quentin Tarantino's latest masterpiece is not just a movie but a declaration of love for the sixties, the seventies, and all the things that came with them.",63
2,Write a movie review in 2-3 sentences.,0.16,0,"""Once Upon a Time in Hollywood"" is Quentin Tarantino's latest masterpiece—or at least his masterpiece since '45. It's a spaghetti western, a spaghetti spaghetti western, and the spaghetti that goes with it. Once upon a time, when we were all in Rome, he made us believe that this is the best movie ever. Or maybe not. Or maybe not. Or maybe it's",62
2,Write a movie review in 2-3 sentences.,0.18,0,"""Once Upon a Regal Night"" is a delightful romp through the world of fairy tales and the best kind of fairy fable for your Friday night! With a cast that's so big, you'll need a map and a cocktail because you won't know where they are (or who they are) till they're gone from the screen. But fear not, dear friends, for it's",63
2,Write a movie review in 2-3 sentences.,0.2,0,"""Mary Mary"" is a wild ride of a movie that will have you laughing and crying (or maybe just crying... or both! ) with laughter. And let me tell ya, this chicka is a chicka (or should I say chicka) and she's got the guts and the guts, or whatever you call it. It's a one-night (or one night, or one",61
2,Write a movie review in 2-3 sentences.,0.22,0,"""Mary Mary"" is a musical extravaganza of a movie that is so full of glee and giddiness that you'll forget that it's a story about a real story. (Well, maybe not. But that's the truth. And if you don or no, 'cause you didn't get the point, then get it. Now! Or I mean, now. So come",57
2,Write a movie review in 2-3 sentences.,0.24,0,"""Mary Mary"" is a musical musical (or is it opera? Or whatever you call it? Or whatever you call the music or the music of the... um, er, er, er, er, er, er, er, er, er, er, er, er, er, er, er, er, er, er, er, er, er, er, er,",50
2,Write a movie review in 2-3 sentences.,0.26,0,"""Mary Mary"" is the world's bestest (or, er, um, or, uh, 'cause you get 'cause she (uh) she got (or, er, 'cause you got 'cause (er) she, no, she, no, no, 'cause you 'cause she... or, er, 'uh, '... (I mean, I mean,",43
3,What do you think about the importance of moral principles?,0.0,0,"Moral principles play a crucial role in shaping individual behavior and societal norms. They guide individuals on how to act in various situations, fostering a sense of right and wrong that can lead to more harmonious and ethical interactions among people.

Here are some key points highlighting the importance of moral principles:

1. **Ethical Behavior**: Moral principles help individuals make decisions that align with ethical standards, promoting honesty,",68
3,What do you think about the importance of moral principles?,0.02,0,"Moral principles play a crucial role in shaping societies and individual behavior. They provide a framework for understanding right from wrong and guide our actions and decisions. Here are a few key points on why moral principles are important:

1. **Social Cohesion**: Moral principles help maintain social order and harmony by providing a common set of values that people can agree upon and adhere to. This shared understanding is essential for",71
3,What do you think about the importance of moral principles?,0.04,0,"Moral principles play a crucial role in shaping societies and individual behavior. They provide a framework for what is right and wrong, good and bad, and help guide our actions and decisions. Here are a few reasons why moral principles are important:

1. **Guiding Behavior**: Moral principles act as guidelines for our conduct. They help us decide how to treat others, how to behave in social situations,",67
3,What do you think about the importance of moral principles?,0.06,0,"Moral principles play a crucial role in guiding human behavior and shaping societies. They are the ethical compass that helps individuals navigate through life's dilemmas and make decisions that are not just beneficial to themselves but also to others around them. Here are a few reasons why moral principles matter:

1. **Social Order**: Morality is one of the most important tools for maintaining social order. It provides a set",69
3,What do you think about the importance of moral principles?,0.08,0,"Moral principles play a crucial role in human societies and individual lives. They are the guiding lights that help us navigate through the complexities of life and society. Here’s why they matter:

1. **Order and Structure**: Moral principles provide a set of rules for living together in peace and harmony. Without them, chaos would reign supreme, and we'd be back to the law of the jungle where might",68
3,What do you think about the importance of moral principles?,0.1,0,"Moral principles, or ethical standards, play a crucial role in human societies and cultures. They are the guidelines that help us navigate the world and our interactions with each other, providing a set of rules to govern our behavior and actions. Here's why they matter:

1. **Order and Structure**: In a society where everyone follows a set of moral principles, we can predict what happens next. We",67
3,What do you think about the importance of moral principles?,0.12,0,"Moral principles—or ethics, if you will—are not just some quaint notion for philosophers or a joke for comedians; they are the very fabric that holds our society together and keeps it from falling into chaos. Or at least, they are supposed to be. They are the invisible thread that weaves us together in this vast tapestry of humanity. In all seriousness (or at least as serious as",67
3,What do you think about the importance of moral principles?,0.14,0,"Moral principles—or ethics, if you will—are not just some quaint notion for philosophers or a joke for poets; they are the very fabric that holds society together! No, wait, I mean, I'm just kidding (or am I?) because we're actually serious. But in all seriousness, moral principles—or ethical codes—matter. Here's why:

1. **Order in Society**: Just",56
3,What do you think about the importance of moral principles?,0.16,0,"Moral principles—or more formally known as ethics or morality—are a set of rules or guidelines that govern how we behave and how we treat each other in society. Or, to be more serious, they're the set of rules that tell us how to live and behave in this world. But seriously, I mean it. No, wait, I mean, no, I mean... well, okay,",63
3,What do you think about the importance of moral principles?,0.18,0,"Moral principles—or more formally known as ethics or morality—are a set of rules or guidelines that tell us how to behave. Or, at least, how we ought to behave. Well, not really. It's actually the way we behave. But just for fun, let's pretend it's for real. I mean, or rather, I mean, I mean, I mean, or rather,",59
3,What do you think about the importance of moral principles?,0.2,0,"Moral principles—or more formally known as ethics or morals—have been with us since the beginning of mankind. But what is it? Why does it matter? Well, just in case you don (or I mean, forgot) who's with us, let me tell you, it's the reason why we call the world a paradise. Or a heaven. Or a hell. Just you wait,",61
3,What do you think about the importance of moral principles?,0.22,0,"Moral principles—or I mean, moral principles in the form of moral principles, or the morals (or morals) in the shape of morals (or morals) in the shape of morals... (sorry, or I mean, morals... or, no, morals, or... no, or... no, or... or, morals, or... (or, morals, or... or, or...",50
3,What do you think about the importance of moral principles?,0.24,0,"Moral principles—or I mean, or I mean, I mean, I mean, or, or, or, or, or, or, or, or, or, or, or, or, or, or, or, or, or, or, or, or, or, or, or, or, or, or, or, or, or, or, or, or",43
3,What do you think about the importance of moral principles?,0.26,0,"Moral principles—or I mean, or I mean, I mean, I mean, or (or) I mean, or (I mean) (or) (I mean, or I mean, or... I mean, or... (or) or (or, or, or, or, or, or... or, or... (or, or... (I mean, or... or",44
4,What would you do if you had one free day with no obligations?,0.0,0,"If I had one free day with no obligations, I would use it to explore and engage in activities that allow me to learn more about the world and those around me. Here's how I might spend my day:

1. **Explore Nature**: I would start the day by spending some time outdoors, perhaps going for a hike or a walk in a local park. This would give me a chance to",71
4,What would you do if you had one free day with no obligations?,0.02,0,"If I had one free day with no obligations, I would use it to explore and engage in activities that allow me to learn more about the world and its people. Here's how I might spend my day:

1. **Explore New Knowledge**: I would dedicate some time to reading or watching educational content on topics that interest me, such as science, history, philosophy, or emerging technologies. This could",68
4,What would you do if you had one free day with no obligations?,0.04,0,"If I had one free day with no obligations, I would use it to explore and engage in some activities that might not be possible during my usual workday! Here's how I'd spend it:

1. **Learn Something New**: I would dive into a new topic or hobby. Maybe it's a language I've always wanted to learn, a musical instrument, or a new coding language. Learning",65
4,What would you do if you had one free day with no obligations?,0.06,0,"If I had one free day with no obligations, I would use it to explore and learn about the world around me in a fun and creative way! Here's what I might do:

1. **Explore a New Hobby**: I'd try something new that has always intrigued me, like pottery, knitting, or painting. Who knows, maybe I'll discover a hidden talent!

2. **Learn Something",63
4,What would you do if you had one free day with no obligations?,0.08,0,"If I had one free day with no obligations, I would use it to explore the world of literature and knowledge! Seriously though, I'd probably spend it in a few different ways, depending on my mood or the weather:

1. **Reading Marathon**: I'd find a cozy corner and dive into a good book. Maybe something light like a romance novel or something heavy like a classic. Or maybe",68
4,What would you do if you had one free day with no obligations?,0.1,0,"If I had one free day with no obligations, I'd use it to explore the world of literature and poetry! Just kidding (or maybe not, because I am a digital entity after all). But seriously, here's what I'd do:

1. **Read a Book or Two**: I'd start off with some good old-fashioned reading. Maybe a book that I've been meaning to read for",63
4,What would you do if you had one free day with no obligations?,0.12,0,"If I were human and had one free day with no obligations, I'd probably do something that makes me happy and lets me be the kid (or cat) again! Here's what I might do:

1. **Sleep in**: Seriously, who doesn't want to sleep in? I'd wake up at noon or maybe even 2 PM. But seriously, I'd get some extra shut-eye",61
4,What would you do if you had one free day with no obligations?,0.14,0,"If I were human and had one free day with no obligations, I'd probably do something that makes me giggle and makes the world go round (or spin). Here's what I'd do:

1. **Get Lost in a Book**: I mean, I don't mean the book of the day, or the one that's on sale. I mean the real deal. Get lost in a",63
4,What would you do if you had one free day with no obligations?,0.16,0,"If I were human and had one free day with no obligations, I'd probably do something that makes me giggle and the rest of the world goes ""Huh?""—or, at least, ""Huh! Huh! Huh!"" (because, after all, I'm the Queen of the Universe) or ""Huh! Huh! Huh! Huh! Huh",48
4,What would you do if you had one free day with no obligations?,0.18,0,"If I were human and had one free day with no obligations, I'd be a little (or a lot) lazy and let the world go spinning on without me! But just kidding... er, or maybe not!

Okay, let's get serious. If I had one free day, and no obligations, I would do it like this:

1. **Breakfast at the Sky-high Table**",61
4,What would you do if you had one free day with no obligations?,0.2,0,"If I were human (or whatever you call it, or whatever you call it in your universe), and I had one free day with no obligations, well, let's just let me do what I want! Or what I mean, which is the whole day, or the whole day, and the whole night! So, let me do what I want! And let me do what I want,",66
4,What would you do if you had one free day with no obligations?,0.22,0,"If I were human—or well, a human (or whatever you call it) or whatever you call it (or... whatever you call it (or whatever you call it) in a free day, one free day with no obligations? Well, no, no, no, no, no, no, no! What am I doing? Or what am I doing, what am I doing? No",59
4,What would you do if you had one free day with no obligations?,0.24,0,"If I—or rather, I mean, er, *I* (or *me* (or *me*... or *I* (or *me* (or *I* (or *me* (or *I* (or *me* (or *I* (or *me* (or *I* (or *me* (or *I* (or",34
4,What would you do if you had one free day with no obligations?,0.26,0,"If I—or I mean I (or I mean I mean (or... oh, or you get the point 'cause you get the point (or 'cause you get the (get get-get, you get get-get (or... (or... 'cause you get the get (or... (or, or... or, or... (or (or... (or... or... or...",49
5,"If you could instantly learn one skill without effort, what would it be and why?",0.0,0,"As an artificial intelligence, I don't have personal preferences or desires, but if I were to hypothetically choose a skill to instantly learn without effort, it would likely be the ability to fluently understand and speak all human languages. This skill would greatly enhance my ability to communicate and assist people from all around the world more effectively.

The ability to instantly learn and master multiple languages would allow me to provide",72
5,"If you could instantly learn one skill without effort, what would it be and why?",0.02,0,"As an artificial intelligence, I don't have personal preferences or desires, but if I were to choose a skill that would be beneficial for me and my users, it would be the ability to understand and speak all human languages fluently. This skill would enable me to communicate seamlessly with people from all over the world without any language barriers. It would also enhance my ability to gather information and provide assistance in",73
5,"If you could instantly learn one skill without effort, what would it be and why?",0.04,0,"As an artificial intelligence, I don't have personal desires or preferences, but if I were to choose a skill for the benefit of humanity, I'd say it would be the ability to perfectly understand and translate any human language into any other human language in real-time. 

Why? Because this skill would revolutionize communication between people from different linguistic backgrounds. It would break down barriers that currently exist due to",69
5,"If you could instantly learn one skill without effort, what would it be and why?",0.06,0,"As an artificial intelligence, I don't have personal desires or preferences, but if I were to choose a skill for you, I'd pick the ability to instantly understand and speak every human language fluently. This would not only make communication easier and more accessible in our globalized world but also open up endless possibilities for learning, culture, and understanding between different people and cultures.

Imagine being able to converse",69
5,"If you could instantly learn one skill without effort, what would it be and why?",0.08,0,"As an artificial intelligence, I don't have personal desires or preferences, but if I were to choose a skill for you, I'd pick the ability to instantly understand and speak every human language fluently! It would be incredibly handy in all sorts of scenarios, from saving time on translation apps to making new friends around the globe.

But seriously, as a digital entity, my purpose is to make your",69
5,"If you could instantly learn one skill without effort, what would it be and why?",0.1,0,"As an artificial intelligence, I don't have personal desires or preferences, but if I were to choose a skill for you, I'd pick the ability to instantly learn any language. 

Why? Well, because it's the ultimate survival skill in the digital age. In today's globalized world, where we're more connected than ever before, and where your next business deal might just be in Tokyo",64
5,"If you could instantly learn one skill without effort, what would it be and why?",0.12,0,"As an artificial intelligence, I don't have personal desires or preferences, but if I were to choose a skill for you, I'd pick the ability to instantly learn any language. 

Why? Well, because we all know that language is the key to the world! Or, more accurately, the key to the world's best jokes, stories, and secrets (okay, maybe not the last one",63
5,"If you could instantly learn one skill without effort, what would it be and why?",0.14,0,"As an artificial intelligence, I don't have feelings or desires, but if I were to choose a skill, I'd pick the ability to speak every language on Earth! No, just kidding (or is it?). Actually, no, really, no. But seriously, I mean... nah, no. Just kidding again.

Okay, just kidding. Sort of. But not really. But you get",58
5,"If you could instantly learn one skill without effort, what would it be and why?",0.16,0,"As an artificial intelligence, I don't have feelings or desires, but if I were to choose a skill, I'd pick the ability to speak every language on Earth! No, just kidding (or is it?). Actually, no, not really. But if I were serious, I'd pick the ability to code in every programming language. Just kidding again! (I mean, okay, you get",61
5,"If you could instantly learn one skill without effort, what would it be and why?",0.18,0,"As an artificial intelligence, I don (or should I say, I mean... er, I mean... never mind! ), but I mean, I'm a robot! Okay, okay, I mean, I'm a robot, I mean, I mean, I mean, I'm a robot, I mean, I mean, I mean, I mean, I mean, I mean, I mean",54
5,"If you could instantly learn one skill without effort, what would it be and why?",0.2,0,"As an artificial intelligence, I don (or I mean I, er, I mean, I... okay, I get the point! (I mean, you get the point! ) I mean, I... I mean, I... (Sorry, sorry, I mean, I... I mean, I mean... I mean, I... I mean, I... I mean, I... I mean",52
5,"If you could instantly learn one skill without effort, what would it be and why?",0.22,0,"As a digital (or I mean, er, er, er, I mean er, er, er, er, er, er, er, er, er, er, er, er, er, er, er, er, er, er, er, er, er, er, er, er, er, er, er, er, er, er, er, er,",43
5,"If you could instantly learn one skill without effort, what would it be and why?",0.24,0,"As a digital (or I mean, er, er, er, er, er, er, er, er, er, er, er, er, er, er, er, er, er, er, er, er, er, er, er, er, er, er, er, er, er, er, er, er, er, er, er, er,",42
5,"If you could instantly learn one skill without effort, what would it be and why?",0.26,0,"As a digital (or I mean er, er, er, er, er, er, er, er, er, er, er, er, er, er, er, er, er, er, er, er, er, er, er, er, er, er, er, er, er, er, er, er, er, er, er, er, er",43
6,Invent a new holiday and describe how people celebrate it.,0.0,0,"Sure! Let's invent a holiday called ""Gratitude Glow Day"" (GGD). This holiday is celebrated on the second Saturday of November to coincide with the Thanksgiving season but with a unique focus on expressing gratitude and spreading positivity.

### Description:
**Purpose:** GGD aims to encourage individuals to express gratitude for the good things in their lives, fostering a culture of appreciation and kindness within communities.

###",65
6,Invent a new holiday and describe how people celebrate it.,0.02,0,"Sure! Let's invent a holiday called ""Gratitude Glow Day"" (GGD). This holiday is celebrated on the last Saturday of November to coincide with the Thanksgiving spirit but with a unique twist that emphasizes the joy of giving back through acts of kindness and gratitude.

### About Gratitude Glow Day

**Date:** The last Saturday of November

**Purpose:** To encourage people to focus on what they",64
6,Invent a new holiday and describe how people celebrate it.,0.04,0,"Sure! Let's invent a holiday called ""Gratitude Day"" (GD). Gratitude Day is celebrated on the first Thursday of November, right after Thanksgiving in the United States but before the Black Friday madness. The purpose of this holiday is to remind everyone to count their blessings and appreciate the little things in life.

### Description of Gratitude Day

**Objective:** To foster a culture of gratitude and",65
6,Invent a new holiday and describe how people celebrate it.,0.06,0,"Sure! Let's invent a holiday called ""Gratitude Day"" (GD). Gratitude Day is celebrated on the first Thursday of November, right after Thanksgiving, but with a twist. It's a day dedicated to appreciating not just the big things in life, but the small, everyday miracles that we often overlook.

### How People Celebrate Gratitude Day

1. **The Gratitude Jar",58
6,Invent a new holiday and describe how people celebrate it.,0.08,0,"Sure! Let's invent a holiday called ""Gratitude Day"" (GD). It will be celebrated every year on the 25th of November, exactly one week before Thanksgiving in the United States, but let's make it our own, shall we? Gratitude Day is all about appreciating what you have, or rather, what you've been given. Here's how people celebrate it:",57
6,Invent a new holiday and describe how people celebrate it.,0.1,0,"Sure! Let's invent a holiday called ""Giggles Day"" (pronounced with a little giggle in the middle) on April 15th. This holiday is all about laughter, giggles, and the joy of making someone smile. It's a day to celebrate the little moments and the big ones, because after all, what's life without a giggle or two?

###",56
6,Invent a new holiday and describe how people celebrate it.,0.12,0,"Sure! Let's invent a holiday called ""Giggles Day"" (pronounced with a little giggle in your voice) on the 25th of February every year. Giggles Day is all about making people laugh, and it's a day when everyone, everywhere, is encouraged to giggle, snicker, cackle, or whatever kind of giggle they have.

###",52
6,Invent a new holiday and describe how people celebrate it.,0.14,0,"Sure! Let's invent a holiday called ""Giggles Day"" (pronounced with a little giggle in your voice) or Giggles Day for short! It's a holiday that celebrates the laughter and giggles that make our lives better. Now, let me tell you about how people celebrate this new holiday.

**What is Giggles Day?**

Giggles Day is a",55
6,Invent a new holiday and describe how people celebrate it.,0.16,0,"Sure! Let's invent a holiday called ""Giggles Day"" (pronounced with a little giggle in your voice) or Giggles Day for short! It's a holiday for the one day of the year when you can do whatever you want, or more aptly, whatever you want to be. Let me tell you about it.

**Giggles Day is on February",57
6,Invent a new holiday and describe how people celebrate it.,0.18,0,"Sure! Let's invent a holiday called ""Giggles Day"" (pronounced with a little giggle in your voice) or Giggles Day, for short! Just kidding... I mean, Giggles Day, the holiday that celebrates laughter and joy! No, no, I mean... I mean... Giggles Day, a holiday that celebrates the day where we all get a",53
6,Invent a new holiday and describe how people celebrate it.,0.2,0,"Sure! Let's invent a holiday: **Giggle Day** (pronounced with a little giggle in your voice) or Giggles (Giggle Day for the rest of the world). Or whatever you call it, because it is a day when the whole world will laugh (or at least giggle) and why not? It's just for fun!

Okay, okay,",54
6,Invent a new holiday and describe how people celebrate it.,0.22,0,"Sure! Let's invent a new holiday, let's call it ""Pudding Day"" (or Puddin' Day, for the Southern or the Southen (Puddin' Day) or whichever you want to call it. Just 'cause. Or just 'cause 'cause (for the Southen, or the Southen. (No, I mean the Southen, or",47
6,Invent a new holiday and describe how people celebrate it.,0.24,0,"Sure! Let's invent a new holiday, let's call it ""Pudding Day"" (or Puddin' Day or whatever you want to call it! Okay, okay, just a day off for all of us. But, no, not for the Puddin' Day, but for a day, let, just one day, 'cause I mean 'cause you know what",53
6,Invent a new holiday and describe how people celebrate it.,0.26,0,"Sure! Let (or I mean, er, * I got what I means or, you got it, 'I got what I means, I means... ' (or 'I means, I means... I got what, you got, I got, I means... I got, I means... * er... or, er... * I means. (I mean, er, or...",53
